<?xml version="1.0" encoding="utf-8"?>
<com.android.systemui.qs.QuickStatusBarHeader xmlns:prvandroid="http://schemas.android.com/apk/prv/res/android" xmlns:android="http://schemas.android.com/apk/res/android" xmlns:systemui="http://schemas.android.com/apk/res-auto" xmlns:systemui="http://schemas.android.com/apk/res/com.android.systemui" xmlns:aapt="http://schemas.android.com/aapt" android:layout_gravity="left|right|center_horizontal|fill_horizontal" android:id="@+id/header" android:paddingTop="0dp" android:clickable="false" android:clipChildren="false" android:clipToPadding="false" android:layout_width="match_parent" android:layout_height="@dimen/status_bar_header_height" android:baselineAligned="false" android:paddingStart="0dp" android:paddingEnd="0dp">
    <LinearLayout android:layout_gravity="center" android:paddingBottom="@dimen/qs_panel_footer_height" android:clipChildren="true" android:clipToPadding="true" android:layout_width="@dimen/notification_panel_width" android:layout_height="match_parent">
        <ImageView android:id="@+id/qs_header_image" android:visibility="gone" android:layout_width="@dimen/notification_panel_width" android:layout_height="match_parent" android:scaleType="centerCrop" />
    </LinearLayout>
    <RelativeLayout android:layout_width="match_parent" android:layout_height="match_parent">
        <include layout="@layout/quick_status_bar_header_system_icons" />
        <com.android.systemui.qs.HorizontalClippingLinearLayout android:gravity="center" android:orientation="horizontal" android:id="@+id/quick_qs_panel_scroll_container" android:clipChildren="false" android:clipToPadding="false" android:layout_width="match_parent" android:layout_height="wrap_content" android:layout_marginTop="@dimen/qs_scroller_top_margin" android:layout_alignParentStart="true">
            <HorizontalScrollView android:id="@+id/quick_qs_panel_scroll" android:scrollbars="none" android:clipChildren="false" android:clipToPadding="false" android:layout_width="match_parent" android:layout_height="wrap_content" android:overScrollMode="never" android:paddingStart="@dimen/qs_scroller_margin" android:paddingEnd="@dimen/qs_scroller_margin">
                <com.android.systemui.qs.QuickQSPanel android:id="@+id/quick_qs_panel" android:focusable="true" android:clipChildren="false" android:clipToPadding="false" android:layout_width="match_parent" android:layout_height="48dp" android:layout_alignParentTop="true" android:importantForAccessibility="yes" android:layout_alignParentEnd="true" android:accessibilityTraversalBefore="@+id/expand_indicator" android:accessibilityTraversalAfter="@+id/date_time_group" />
            </HorizontalScrollView>
        </com.android.systemui.qs.HorizontalClippingLinearLayout>
        <com.android.systemui.statusbar.AlphaOptimizedImageView android:id="@+id/qs_detail_header_progress" android:background="@color/qs_detail_progress_track" android:layout_width="match_parent" android:layout_height="wrap_content" android:src="@drawable/indeterminate_anim" android:layout_alignParentBottom="true" android:alpha="0.0" />
        <TextView android:textSize="11dp" android:textStyle="bold" android:textColor="#00a040" android:layout_gravity="center_vertical" android:id="@+id/header_debug_info" android:padding="2dp" android:visibility="invisible" android:layout_width="wrap_content" android:layout_height="wrap_content" android:fontFamily="sans-serif-condensed" />
    </RelativeLayout>
</com.android.systemui.qs.QuickStatusBarHeader>
