<?xml version="1.0" encoding="utf-8"?>
<com.android.systemui.statusbar.phone.PhoneStatusBarView xmlns:prvandroid="http://schemas.android.com/apk/prv/res/android" xmlns:android="http://schemas.android.com/apk/res/android" xmlns:systemui="http://schemas.android.com/apk/res-auto" xmlns:systemui="http://schemas.android.com/apk/res/com.android.systemui" xmlns:aapt="http://schemas.android.com/aapt" android:orientation="vertical" android:id="@+id/status_bar" android:background="@drawable/system_bar_background" android:focusable="false" android:descendantFocusability="afterDescendants" android:layout_width="match_parent" android:layout_height="@dimen/status_bar_height">
    <ImageView android:id="@+id/notification_lights_out" android:paddingBottom="2dp" android:visibility="gone" android:layout_width="@dimen/status_bar_icon_size" android:layout_height="match_parent" android:src="@drawable/ic_sysbar_lights_out_dot_small" android:scaleType="center" android:paddingStart="6dp" />
    <LinearLayout android:orientation="horizontal" android:id="@+id/status_bar_contents" android:layout_width="match_parent" android:layout_height="match_parent" android:paddingStart="4dp" android:paddingEnd="8dp">
        <ImageView android:id="@+id/status_bar_logo" android:padding="2dp" android:visibility="gone" android:layout_width="@dimen/status_bar_icon_size" android:layout_height="@dimen/status_bar_icon_size" android:src="@drawable/status_bar_logo" android:scaleType="centerInside" />
        <com.android.systemui.aicp.carrierlabel.CarrierLabel android:textAppearance="@style/TextAppearance.StatusBar.CarrierLabel" android:layout_gravity="center_vertical" android:id="@+id/statusbar_carrier_text" android:visibility="gone" android:layout_width="wrap_content" android:layout_height="wrap_content" android:singleLine="true" android:paddingEnd="@dimen/status_bar_left_clock_end_padding" />
        <com.android.systemui.statusbar.policy.ClockLeft android:textAppearance="@style/TextAppearance.StatusBar.Clock" android:gravity="center" android:id="@+id/left_clock" android:visibility="gone" android:layout_width="wrap_content" android:layout_height="match_parent" android:singleLine="true" />
        <com.android.systemui.statusbar.AlphaOptimizedFrameLayout android:orientation="horizontal" android:id="@+id/notification_icon_area" android:layout_width="0dp" android:layout_height="match_parent" android:layout_weight="1.0" android:paddingStart="2dp" />
        <com.android.keyguard.AlphaOptimizedLinearLayout android:orientation="horizontal" android:id="@+id/system_icon_area" android:layout_width="wrap_content" android:layout_height="match_parent">
            <com.android.systemui.omni.NetworkTraffic android:gravity="right|center_vertical|center_horizontal|center" android:id="@+id/networkTraffic" android:visibility="gone" android:layout_width="wrap_content" android:layout_height="match_parent" android:singleLine="false" android:fontFamily="sans-serif-condensed" android:layout_marginStart="2dp" android:layout_marginEnd="2dp" />
            <com.android.systemui.aex.statusbarweather.StatusBarWeather android:gravity="right|center_vertical|center_horizontal|center" android:id="@+id/weather_temp" android:layout_width="wrap_content" android:layout_height="match_parent" android:maxLines="1" android:paddingStart="2dp" android:paddingEnd="2dp" />
            <com.android.systemui.aex.statusbarweather.StatusBarWeatherImage android:id="@+id/weather_image" android:layout_width="24dp" android:layout_height="match_parent" android:paddingStart="1dp" android:paddingEnd="1dp" />
            <include layout="@layout/system_icons" />
            <com.android.systemui.statusbar.policy.Clock android:textAppearance="@style/TextAppearance.StatusBar.Clock" android:gravity="left|center_vertical|center_horizontal|center|start" android:id="@+id/clock" android:layout_width="wrap_content" android:layout_height="match_parent" android:singleLine="true" />
        </com.android.keyguard.AlphaOptimizedLinearLayout>
    </LinearLayout>
    <com.android.keyguard.AlphaOptimizedLinearLayout android:gravity="center" android:orientation="horizontal" android:id="@+id/center_clock_layout" android:layout_width="match_parent" android:layout_height="match_parent">
        <com.android.systemui.statusbar.policy.ClockCenter android:textAppearance="@style/TextAppearance.StatusBar.Clock" android:gravity="center" android:id="@+id/center_clock" android:visibility="gone" android:layout_width="wrap_content" android:layout_height="match_parent" android:singleLine="true" />
    </com.android.keyguard.AlphaOptimizedLinearLayout>
    <ViewStub android:id="@+id/emergency_cryptkeeper_text" android:layout="@layout/emergency_cryptkeeper_text" android:layout_width="wrap_content" android:layout_height="match_parent" />
    <ViewStub android:id="@+id/ticker_stub" android:layout="@layout/status_bar_ticker" android:inflatedId="@+id/ticker" android:layout_width="match_parent" android:layout_height="match_parent" />
    <com.android.systemui.statusbar.policy.BatteryBarController android:id="@+id/battery_bar" android:layout_width="match_parent" android:layout_height="1dp" systemui:viewLocation="1" />
</com.android.systemui.statusbar.phone.PhoneStatusBarView>
