<?xml version="1.0" encoding="utf-8"?>
<com.android.systemui.statusbar.phone.PhoneStatusBarView xmlns:prvandroid="http://schemas.android.com/apk/prv/res/android" xmlns:android="http://schemas.android.com/apk/res/android" xmlns:systemui="http://schemas.android.com/apk/res-auto" xmlns:systemui="http://schemas.android.com/apk/res/com.android.systemui" xmlns:aapt="http://schemas.android.com/aapt" android:orientation="vertical" android:id="@+id/status_bar" android:background="@drawable/system_bar_background" android:focusable="false" android:descendantFocusability="afterDescendants" android:layout_width="match_parent" android:layout_height="@dimen/status_bar_height">
    <ImageView android:id="@+id/notification_lights_out" android:paddingBottom="2dp" android:visibility="gone" android:layout_width="@dimen/status_bar_icon_size" android:layout_height="match_parent" android:src="@drawable/ic_sysbar_lights_out_dot_small" android:scaleType="center" android:paddingStart="6dp" />
    <LinearLayout android:orientation="horizontal" android:id="@+id/status_bar_contents" android:layout_width="match_parent" android:layout_height="match_parent" android:paddingStart="6dp" android:paddingEnd="8dp">
        <com.android.systemui.statusbar.policy.ClockLeft android:textAppearance="@style/TextAppearance.StatusBar.Clock" android:gravity="center" android:id="@+id/left_clock" android:visibility="gone" android:layout_width="wrap_content" android:layout_height="match_parent" android:singleLine="true" android:paddingEnd="@dimen/status_bar_left_clock_end_padding" />
        <com.android.systemui.statusbar.AlphaOptimizedFrameLayout android:orientation="horizontal" android:id="@+id/notification_icon_area" android:layout_width="0dp" android:layout_height="match_parent" android:layout_weight="1.0" />
        <com.android.keyguard.AlphaOptimizedLinearLayout android:orientation="horizontal" android:id="@+id/system_icon_area" android:layout_width="wrap_content" android:layout_height="match_parent">
            <com.android.systemui.statusbar.policy.NetworkTraffic android:gravity="right|center_vertical|center_horizontal|center" android:id="@+id/networkTraffic" android:layout_width="wrap_content" android:layout_height="match_parent" android:singleLine="false" android:fontFamily="sans-serif-condensed" android:layout_marginStart="2dp" android:layout_marginEnd="2dp" />
            <include layout="@layout/system_icons" />
            <com.android.systemui.statusbar.policy.Clock android:textAppearance="@style/TextAppearance.StatusBar.Clock" android:gravity="left|center_vertical|center_horizontal|center|start" android:id="@+id/clock" android:layout_width="wrap_content" android:layout_height="match_parent" android:singleLine="true" android:paddingStart="@dimen/status_bar_clock_starting_padding" android:paddingEnd="@dimen/status_bar_clock_end_padding" />
        </com.android.keyguard.AlphaOptimizedLinearLayout>
    </LinearLayout>
    <ViewStub android:id="@+id/emergency_cryptkeeper_text" android:layout="@layout/emergency_cryptkeeper_text" android:layout_width="wrap_content" android:layout_height="match_parent" />
</com.android.systemui.statusbar.phone.PhoneStatusBarView>
