<?xml version="1.0" encoding="utf-8" ?>
<com.android.systemui.statusbar.phone.PhoneStatusBarView xmlns:android="http://schemas.android.com/apk/res/android" xmlns:systemui="http://schemas.android.com/apk/res/com.android.systemui" android:orientation="vertical" android:id="@id/status_bar" android:background="@drawable/system_bar_background" android:focusable="false" android:descendantFocusability="afterDescendants" android:layout_width="fill_parent" android:layout_height="@dimen/status_bar_height">
	<ImageView android:id="@id/notification_lights_out" android:paddingBottom="2.0dip" android:visibility="gone" android:layout_width="@dimen/status_bar_icon_size" android:layout_height="fill_parent" android:src="@drawable/ic_sysbar_lights_out_dot_small" android:scaleType="center" android:paddingStart="6.0dip" />
	<LinearLayout android:orientation="horizontal" android:id="@id/status_bar_contents" android:layout_width="fill_parent" android:layout_height="fill_parent" android:paddingStart="6.0dip" android:paddingEnd="8.0dip">
		<com.android.systemui.aex.carrierlabel.CarrierLabel android:textAppearance="@style/TextAppearance.StatusBar.CarrierLabel" android:layout_gravity="center_vertical" android:id="@id/statusbar_carrier_text" android:visibility="gone" android:layout_width="wrap_content" android:layout_height="wrap_content" android:singleLine="true" />
		<com.android.systemui.statusbar.AlphaOptimizedFrameLayout android:orientation="horizontal" android:id="@id/notification_icon_area" android:layout_width="0.0dip" android:layout_height="fill_parent" android:layout_weight="1.0" />
		<com.android.keyguard.AlphaOptimizedLinearLayout android:orientation="horizontal" android:id="@id/system_icon_area" android:layout_width="wrap_content" android:layout_height="fill_parent">
			<com.android.systemui.statusbar.policy.NetworkTraffic android:gravity="center|right" android:id="@id/networkTraffic" android:layout_width="wrap_content" android:layout_height="fill_parent" android:singleLine="false" android:fontFamily="sans-serif-condensed" android:layout_marginStart="2.0dip" android:layout_marginEnd="2.0dip" />
			<include layout="@layout/system_icons" />
			<com.android.systemui.statusbar.policy.Clock android:textAppearance="@style/TextAppearance.StatusBar.Clock" android:gravity="start|center" android:id="@id/clock" android:layout_width="wrap_content" android:layout_height="fill_parent" android:singleLine="true" android:paddingStart="@dimen/status_bar_clock_starting_padding" android:paddingEnd="@dimen/status_bar_clock_end_padding" />
		</com.android.keyguard.AlphaOptimizedLinearLayout>
	</LinearLayout>
	<ViewStub android:id="@id/emergency_cryptkeeper_text" android:layout="@layout/emergency_cryptkeeper_text" android:layout_width="wrap_content" android:layout_height="fill_parent" />
	<ViewStub android:id="@id/ticker_stub" android:layout="@layout/status_bar_ticker" android:inflatedId="@id/ticker" android:layout_width="fill_parent" android:layout_height="fill_parent" />
</com.android.systemui.statusbar.phone.PhoneStatusBarView>
