<?xml version="1.0" encoding="utf-8"?>
<com.android.systemui.qs.QuickStatusBarHeader xmlns:systemui="http://schemas.lge.com/apk/res/android" xmlns:ns2="http://schemas.android.com/apk/prv/res/android" xmlns:android="http://schemas.android.com/apk/res/android" xmlns:systemui="http://schemas.android.com/apk/res-auto" xmlns:systemui="http://schemas.android.com/apk/res/com.android.systemui" xmlns:aapt="http://schemas.android.com/aapt" android:layout_gravity="bottom|center_vertical|center_horizontal|center|clip_horizontal" android:id="@+id/header" android:background="#00000000" android:paddingTop="0dp" android:clickable="false" android:clipChildren="false" android:clipToPadding="false" android:layout_width="match_parent" android:layout_height="@dimen/status_bar_header_height" android:baselineAligned="false" android:paddingStart="0dp" android:paddingEnd="0dp" android:elevation="4dp">
    <LinearLayout android:gravity="center" android:orientation="horizontal" android:clipChildren="false" android:clipToPadding="false" android:layout_width="match_parent" android:layout_height="32dp" android:paddingStart="16dp" android:paddingEnd="16dp" android:layout_alignParentEnd="true">
        <com.android.keyguard.CarrierText android:textAppearance="?android:attr/textAppearanceSmall" android:textColor="?android:attr/textColorPrimary" android:ellipsize="marquee" android:gravity="left|center_vertical|center_horizontal|center|start" android:id="@+id/qs_carrier_text" android:layout_width="0dp" android:layout_height="match_parent" android:singleLine="true" android:layout_weight="1.0" />
        <com.android.systemui.BatteryMeterView android:id="@+id/battery" android:layout_width="wrap_content" android:layout_height="match_parent" />
        <com.android.systemui.statusbar.policy.Clock android:textAppearance="@style/TextAppearance.StatusBar.Clock" android:gravity="left|center_vertical|center_horizontal|center|start" android:id="@+id/clock" android:layout_width="wrap_content" android:layout_height="match_parent" android:singleLine="true" android:paddingStart="@dimen/status_bar_clock_starting_padding" android:paddingEnd="@dimen/status_bar_clock_end_padding" systemui:showDark="false" />
    </LinearLayout>
    <com.android.systemui.qs.QuickQSPanel android:id="@+id/quick_qs_panel" android:focusable="true" android:clipChildren="false" android:clipToPadding="false" android:layout_width="match_parent" android:layout_height="48dp" android:layout_marginTop="31dp" android:layout_alignParentTop="true" android:importantForAccessibility="yes" android:layout_marginStart="8dp" android:layout_marginEnd="8dp" android:layout_alignParentEnd="true" android:accessibilityTraversalBefore="@+id/expand_indicator" android:accessibilityTraversalAfter="@+id/date_time_group" />
    <com.android.systemui.statusbar.AlphaOptimizedImageView android:id="@+id/qs_detail_header_progress" android:background="@color/qs_detail_progress_track" android:layout_width="match_parent" android:layout_height="wrap_content" android:src="@drawable/indeterminate_anim" android:layout_alignParentBottom="true" android:alpha="0.0" />
    <TextView android:textSize="11dp" android:textStyle="bold" android:textColor="#00a040" android:layout_gravity="center_vertical" android:id="@+id/header_debug_info" android:padding="2dp" android:visibility="invisible" android:layout_width="wrap_content" android:layout_height="wrap_content" android:fontFamily="sans-serif-condensed" />
</com.android.systemui.qs.QuickStatusBarHeader>
