<?xml version="1.0" encoding="utf-8"?>
<com.android.systemui.statusbar.phone.PhoneStatusBarView xmlns:systemui="http://schemas.lge.com/apk/res/android" xmlns:ns2="http://schemas.android.com/apk/prv/res/android" xmlns:android="http://schemas.android.com/apk/res/android" xmlns:systemui="http://schemas.android.com/apk/res-auto" xmlns:systemui="http://schemas.android.com/apk/res/com.android.systemui" xmlns:aapt="http://schemas.android.com/aapt" android:orientation="vertical" android:id="@+id/status_bar" android:background="@drawable/system_bar_background" android:focusable="false" android:descendantFocusability="afterDescendants" android:layout_width="match_parent" android:layout_height="@dimen/status_bar_height">
    <com.lge.systemui.widget.NotificationBackground android:id="@+id/notification_background" android:layout_width="match_parent" android:layout_height="match_parent" android:scaleType="fitXY" />
    <ImageView android:id="@+id/notification_lights_out" android:paddingBottom="2dp" android:visibility="gone" android:layout_width="@dimen/status_bar_icon_size" android:layout_height="match_parent" android:src="@drawable/ic_sysbar_lights_out_dot_small" android:scaleType="center" android:paddingStart="6dp" />
    <com.lge.systemui.widget.StatusBarLinearLayout android:orientation="horizontal" android:id="@+id/status_bar_contents" android:layout_width="match_parent" android:layout_height="match_parent" android:paddingStart="@dimen/status_bar_padding_start" android:paddingEnd="@dimen/status_bar_padding_end">
        <ViewStub android:id="@+id/emergency_cryptkeeper_text" android:layout="@layout/emergency_cryptkeeper_text" android:layout_width="wrap_content" android:layout_height="match_parent" />
        <com.lge.systemui.widget.OperatorTextView android:textSize="@dimen/operator_text_font_size" android:textStyle="bold" android:gravity="center_vertical" android:id="@+id/operator_text" android:visibility="invisible" android:layout_width="wrap_content" android:layout_height="match_parent" android:singleLine="true" android:layoutDirection="ltr" android:paddingStart="@dimen/operator_text_padding" android:paddingEnd="@dimen/operator_text_padding" />
        <ViewStub android:id="@+id/notch_clock_stub" android:layout="@layout/notch_clock" android:layout_width="wrap_content" android:layout_height="match_parent" />
        <ImageView android:id="@+id/notch_clean_notification" android:visibility="gone" android:layout_width="@dimen/status_bar_icon_size" android:layout_height="match_parent" android:scaleType="fitCenter" android:paddingStart="3dp" />
        <com.android.systemui.statusbar.AlphaOptimizedFrameLayout android:orientation="horizontal" android:id="@+id/notification_icon_area" android:layout_width="0dp" android:layout_height="match_parent" android:layout_weight="1.0" />
        <com.lge.systemui.widget.StatusIconsLinearLayout android:orientation="horizontal" android:id="@+id/statusIconsReverse" android:layout_width="wrap_content" android:layout_height="match_parent" />
        <com.lge.systemui.widget.StatusIconAnimatorView android:id="@+id/status_icon" android:visibility="gone" android:clipChildren="false" android:layout_width="@dimen/status_bar_icon_size" android:layout_height="wrap_content" android:scaleType="fitCenter" />
        <com.android.keyguard.AlphaOptimizedLinearLayout android:orientation="horizontal" android:id="@+id/system_icon_area" android:layout_width="wrap_content" android:layout_height="match_parent">
            <include layout="@layout/system_icons" />
            <com.android.systemui.statusbar.policy.Clock android:textAppearance="@style/TextAppearance.StatusBar.Clock" android:gravity="left|center_vertical|center_horizontal|center|start" android:id="@+id/clock" android:layout_width="wrap_content" android:layout_height="match_parent" android:singleLine="true" android:paddingEnd="3dp" />
            <ImageView android:layout_gravity="center" android:id="@+id/two_phone_mode" android:visibility="gone" android:layout_width="@dimen/multi_user_avatar_keyguard_size" android:layout_height="@dimen/multi_user_avatar_keyguard_size" android:scaleType="centerInside" android:layout_marginStart="@dimen/two_phone_margin_left" />
        </com.android.keyguard.AlphaOptimizedLinearLayout>
    </com.lge.systemui.widget.StatusBarLinearLayout>
</com.android.systemui.statusbar.phone.PhoneStatusBarView>
