<?xml version="1.0" encoding="utf-8" ?>
<LinearLayout xmlns:android="http://schemas.android.com/apk/res/android" android:gravity="center_vertical" android:id="@id/system_icons" android:layout_width="wrap_content" android:layout_height="fill_parent">
	<TextView android:textAppearance="@style/TextAppearance.StatusBar.Clock" android:textColor="@color/light_mode_icon_color_single_tone" android:gravity="center" android:id="@id/data_speed_indicator" android:tag="@string/parser_leaf" android:visibility="gone" android:layout_width="wrap_content" android:layout_height="wrap_content" android:singleLine="true" android:paddingStart="@dimen/zzz_fih_status_bar_icon_padding" android:paddingEnd="@dimen/zzz_fih_status_bar_icon_padding" />
	<com.android.keyguard.AlphaOptimizedLinearLayout android:gravity="center_vertical" android:orientation="horizontal" android:id="@id/statusIcons" android:layout_width="wrap_content" android:layout_height="fill_parent" />
	<include android:layout_width="wrap_content" android:layout_height="wrap_content" layout="@layout/signal_cluster_view" />
	<View android:visibility="invisible" android:layout_width="@dimen/zzz_fih_status_bar_battery_padding_start" android:layout_height="24.0dip" />
	<com.android.systemui.fih.statusbar.battery.BatteryView android:id="@id/battery_view" android:layout_width="wrap_content" android:layout_height="fill_parent">
		<com.android.systemui.BatteryMeterView android:id="@id/battery" android:layout_width="wrap_content" android:layout_height="fill_parent" />
		<TextView android:textSize="8.0dip" android:textStyle="bold" android:textColor="#c3ffffff" android:gravity="center" android:layout_gravity="center" android:id="@id/battery_level" android:layout_width="9.5dip" android:layout_height="10.0dip" />
	</com.android.systemui.fih.statusbar.battery.BatteryView>
	<View android:visibility="invisible" android:layout_width="@dimen/zzz_fih_status_bar_battery_padding_end" android:layout_height="24.0dip" />
</LinearLayout>
