<?xml version="1.0" encoding="utf-8" ?>
<LinearLayout xmlns:android="http://schemas.android.com/apk/res/android" android:gravity="center_vertical" android:id="@id/system_icons" android:layout_width="wrap_content" android:layout_height="fill_parent">
	<com.android.systemui.statusbar.NetworkSpeedView android:orientation="horizontal" android:id="@id/network_speed" android:visibility="gone" android:layout_width="wrap_content" android:layout_height="fill_parent" android:layout_marginEnd="5.0dip">
		<TextView android:textAppearance="@style/TextAppearance.StatusBar.Clock" android:layout_gravity="center_vertical" android:id="@id/network_speed_view" android:layout_width="wrap_content" android:layout_height="wrap_content" />
	</com.android.systemui.statusbar.NetworkSpeedView>
	<com.android.keyguard.AlphaOptimizedLinearLayout android:gravity="center_vertical" android:orientation="horizontal" android:id="@id/statusIcons" android:layout_width="wrap_content" android:layout_height="fill_parent" />
	<include android:layout_width="wrap_content" android:layout_height="wrap_content" android:layout_marginStart="@dimen/signal_cluster_margin_start" layout="@layout/signal_cluster_view" />
	<TextView android:textAppearance="@style/TextAppearance.StatusBar.Clock" android:layout_gravity="center_vertical" android:id="@id/battery_level" android:visibility="gone" android:layout_width="wrap_content" android:layout_height="wrap_content" android:importantForAccessibility="noHideDescendants" android:layout_marginEnd="@dimen/battery_level_padding_end" />
	<com.android.systemui.BatteryMeterView android:id="@id/battery" android:layout_width="@dimen/status_bar_battery_icon_width" android:layout_height="@dimen/status_bar_battery_icon_height" android:layout_marginBottom="@dimen/battery_margin_bottom" />
	<com.android.systemui.BatteryDashChargeView android:layout_gravity="center_vertical" android:id="@id/battery_dash_charge" android:visibility="gone" android:layout_width="wrap_content" android:layout_height="wrap_content" android:src="@drawable/ic_sys_dash_charging_state_0" />
	<View android:id="@id/battery_icon_padding" android:layout_width="@dimen/status_bar_clock_starting_padding" android:layout_height="fill_parent" />
</LinearLayout>
