<?xml version="1.0" encoding="utf-8"?>
<resources>
    <style name="widget_big_thin">
        <item name="android:textSize">@*com.android.systemui:dimen/widget_big_font_size</item>
        <item name="android:alpha">0.0</item>
    </style>

    <style name="widget_label">
        <item name="android:textSize">@*com.android.systemui:dimen/widget_label_font_size</item>
        <item name="android:alpha">0.0</item>

    </style>

    <string name="clock_12hr_format"></string>
    <string name="clock_24hr_format"></string>
    <string name="system_ui_aod_date_pattern"></string>



</resources>
