<?xml version="1.0" encoding="utf-8"?>
<com.android.systemui.qs.QuickStatusBarHeader xmlns:androidprv="http://schemas.android.com/apk/prv/res/android" xmlns:android="http://schemas.android.com/apk/res/android" xmlns:systemui="http://schemas.android.com/apk/res-auto" xmlns:systemui="http://schemas.android.com/apk/res/com.android.systemui" android:layout_gravity="right|center_horizontal|clip_horizontal" android:id="@+id/header" android:background="#00000000" android:paddingTop="0dp" android:clickable="false" android:clipChildren="false" android:clipToPadding="false" android:layout_width="match_parent" android:layout_height="@dimen/status_bar_header_height" android:baselineAligned="false" android:paddingStart="0dp" android:paddingEnd="0dp" android:elevation="4dp">
    <LinearLayout android:gravity="center" android:orientation="horizontal" android:id="@+id/qs_button" android:clipChildren="false" android:clipToPadding="false" android:layout_width="match_parent" android:layout_height="@dimen/qs_button_size" android:layout_marginTop="11dp" android:paddingStart="@dimen/margin_left2" android:paddingEnd="@dimen/margin_right2" android:layout_alignParentEnd="true">
        <include android:id="@+id/clock" android:layout_width="wrap_content" android:layout_height="match_parent" android:layout_weight="1.0" layout="@layout/split_clock_view" />
        <com.android.systemui.BatteryMeterView android:id="@+id/battery" android:layout_width="wrap_content" android:layout_height="match_parent" />
    </LinearLayout>
    <LinearLayout android:gravity="center" android:id="@+id/qs_system_icons" android:layout_width="match_parent" android:layout_height="24dp" android:layout_marginTop="11dp" android:layout_below="@+id/qs_button" android:paddingStart="@dimen/margin_left2" android:paddingEnd="@dimen/margin_right2">
        <FrameLayout android:layout_width="0dp" android:layout_height="match_parent" android:layout_weight="1.0" android:layout_marginEnd="5dp">
            <com.android.keyguard.CarrierText android:textAppearance="?android:attr/textAppearanceSmall" android:textColor="?attr/wallpaperTextColorSecondary" android:ellipsize="marquee" android:gravity="center_vertical" android:id="@+id/qs_carrier_text" android:layout_width="wrap_content" android:layout_height="match_parent" android:singleLine="true" android:fontFamily="sans-serif-regular" />
        </FrameLayout>
        <com.android.systemui.statusbar.NetworkSpeedView android:orientation="horizontal" android:id="@+id/network_speed" android:visibility="gone" android:layout_width="wrap_content" android:layout_height="match_parent" android:layout_marginEnd="5dp">
            <TextView android:textAppearance="@style/TextAppearance.StatusBar.Clock" android:layout_gravity="center_vertical" android:id="@+id/network_speed_view" android:layout_width="wrap_content" android:layout_height="wrap_content" />
        </com.android.systemui.statusbar.NetworkSpeedView>
        <com.android.keyguard.AlphaOptimizedLinearLayout android:gravity="center_vertical" android:orientation="horizontal" android:id="@+id/statusIcons" android:layout_width="wrap_content" android:layout_height="match_parent" />
        <include android:layout_width="wrap_content" android:layout_height="wrap_content" android:layout_marginStart="@dimen/signal_cluster_margin_start" layout="@layout/signal_cluster_view" />
    </LinearLayout>
    <com.android.systemui.qs.QuickQSPanel android:id="@+id/quick_qs_panel" android:focusable="true" android:clipChildren="false" android:clipToPadding="false" android:layout_width="match_parent" android:layout_height="@dimen/qs_quick_panel_height" android:layout_marginTop="@dimen/qs_header_upper_height" android:layout_alignParentTop="true" android:importantForAccessibility="yes" android:layout_marginStart="13dp" android:layout_marginEnd="13dp" android:layout_alignParentEnd="true" android:accessibilityTraversalBefore="@+id/expand_indicator" android:accessibilityTraversalAfter="@+id/date_time_group" />
    <com.android.systemui.statusbar.AlphaOptimizedImageView android:id="@+id/qs_detail_header_progress" android:background="@color/qs_detail_progress_track" android:layout_width="match_parent" android:layout_height="wrap_content" android:src="@drawable/indeterminate_anim" android:layout_alignParentBottom="true" android:alpha="0.0" />
    <TextView android:textSize="11dp" android:textStyle="bold" android:textColor="#00a040" android:layout_gravity="center_vertical" android:id="@+id/header_debug_info" android:padding="2dp" android:visibility="invisible" android:layout_width="wrap_content" android:layout_height="wrap_content" android:fontFamily="sans-serif-condensed" />
</com.android.systemui.qs.QuickStatusBarHeader>
