<?xml version="1.0" encoding="utf-8"?>
<com.android.systemui.statusbar.phone.KeyguardStatusBarView xmlns:prvandroid="http://schemas.android.com/apk/prv/res/android" xmlns:android="http://schemas.android.com/apk/res/android" xmlns:androidprv="http://schemas.android.com/apk/res-auto" xmlns:systemui="http://schemas.android.com/apk/res/com.android.systemui" xmlns:aapt="http://schemas.android.com/aapt" android:id="@+id/keyguard_header" android:layout_width="match_parent" android:layout_height="@dimen/status_bar_header_height_keyguard" android:baselineAligned="false">
    <com.android.systemui.statusbar.phone.MultiUserSwitch android:id="@+id/multi_user_switch" android:background="@drawable/ripple_drawable" android:layout_width="@dimen/multi_user_switch_width_keyguard" android:layout_height="match_parent" android:layout_marginEnd="@dimen/multi_user_switch_keyguard_margin" android:layout_alignParentEnd="true">
        <ImageView android:layout_gravity="center" android:id="@+id/multi_user_avatar" android:layout_width="@dimen/multi_user_avatar_keyguard_size" android:layout_height="@dimen/multi_user_avatar_keyguard_size" android:scaleType="centerInside" />
    </com.android.systemui.statusbar.phone.MultiUserSwitch>
    <LinearLayout android:id="@+id/system_icons_super_container" android:layout_width="wrap_content" android:layout_height="@dimen/status_bar_header_height_keyguard" android:layout_alignWithParentIfMissing="true" android:paddingEnd="@dimen/system_icons_keyguard_padding_end" android:layout_marginStart="@dimen/system_icons_super_container_margin_start" android:layout_toStartOf="@+id/multi_user_switch">
        <FrameLayout android:layout_gravity="center_vertical" android:id="@+id/system_icons_container" android:layout_width="wrap_content" android:layout_height="@dimen/status_bar_height">
            <include layout="@layout/system_icons" />
        </FrameLayout>
    </LinearLayout>
    <com.android.systemui.liquid.carrierlabel.CarrierLabel android:textAppearance="@style/TextAppearance.StatusBar.CarrierLabel" android:ellipsize="marquee" android:gravity="center_vertical" android:id="@+id/keyguard_carrier_text" android:layout_width="match_parent" android:layout_height="match_parent" android:singleLine="true" android:layout_marginStart="@dimen/keyguard_carrier_text_margin" android:layout_toStartOf="@+id/system_icons_super_container" />
</com.android.systemui.statusbar.phone.KeyguardStatusBarView>
